Date,Sales
2025-01-01,
2025-01-02,2137.85
2025-01-03,2796.79
2025-01-04,1227.75
2025-01-05,469.07
2025-01-06,3183.46
2025-01-07,3090.82
2025-01-08,2237.33
2025-01-09,2830.00
2025-01-10,2481.80
2025-01-11,2021.18
2025-01-13,2661.16
2025-01-14,3090.88
2025-01-15,2497.23
2025-01-16,2161.97
2025-01-17,2498.68
2025-01-20,2449.81
2025-01-21,2230.22
2025-01-22,2291.78
2025-01-23,3183.29
2025-01-24,2561.28
2025-01-27,2048.93
2025-01-28,2555.85
2025-01-29,2493.77
2025-01-30,2976.30
2025-01-31,2280.98
2025-02-03,2661.66
2025-02-04,2925.24
2025-02-05,3045.77
2025-02-06,2755.73
2025-02-07,2149.67
2025-02-08,537.50
2025-02-10,2489.60
2025-02-11,2512.59
2025-02-12,2781.04
2025-02-13,3769.28
2025-02-14,2537.03
2025-02-17,2696.87
2025-02-18,2864.72
2025-02-19,2436.62
2025-02-20,1971.69
2025-02-21,3736.44
2025-02-22,704.00
2025-02-24,2907.37
2025-02-25,4112.51
2025-02-26,3989.51
2025-02-27,2591.73
2025-02-28,2995.23
2025-03-01,1050.47
2025-03-03,1928.31
2025-03-04,3148.02
2025-03-05,2918.53
2025-03-06,2675.32
2025-03-07,2312.48
2025-03-10,2801.24
2025-03-11,2686.23
2025-03-12,2386.16
2025-03-13,2926.08
2025-03-14,3268.84
2025-03-16,1701.62
2025-03-17,3462.05
2025-03-18,2423.75
2025-03-19,3805.58
2025-03-20,1858.42
2025-03-21,3351.36
2025-03-22,697.69
2025-03-24,3505.68
2025-03-25,3419.85
2025-03-26,3273.78
2025-03-27,3542.79
2025-03-28,4039.07
2025-03-29,2143.05
2025-03-30,2058.10
2025-03-31,3013.79
2025-04-01,3133.85
2025-04-02,3514.87
2025-04-03,3344.28
2025-04-04,4115.74
2025-04-05,1358.50
2025-04-07,4494.21
2025-04-08,2735.87
2025-04-09,3595.10
2025-04-10,3641.55
2025-04-11,3570.78
2025-04-14,3133.68
2025-04-15,4300.34
2025-04-16,3408.39
2025-04-17,4062.52
2025-04-18,2977.21
2025-04-21,3513.89
2025-04-22,4520.35
2025-04-23,4185.81
2025-04-24,4799.50
2025-04-25,4184.53
2025-04-26,1509.31
2025-04-28,4372.02
2025-04-29,4050.45
2025-04-30,3434.78
2025-05-01,3569.92
2025-05-02,3938.22
2025-05-05,3726.20
2025-05-06,4995.25
2025-05-07,4585.35
2025-05-08,4802.74
2025-05-09,4959.99
2025-05-12,2857.82
2025-05-13,4499.42
2025-05-14,3880.85
2025-05-15,3817.49
2025-05-16,3369.61
2025-05-19,3958.76
2025-05-20,3557.59
2025-05-21,4035.72
2025-05-22,4464.36
2025-05-23,3369.61
2025-05-26,3715.17
2025-05-27,5250.74
2025-05-28,4267.88
2025-05-29,3931.65
2025-05-30,4402.51
2025-05-31,2311.97
2025-06-02,3958.77
2025-06-03,4930.11
2025-06-04,3763.80
2025-06-05,4097.79
2025-06-06,3579.91
2025-06-07,615.28
2025-06-09,3644.58
2025-06-10,3297.90
2025-06-11,3685.54
2025-06-12,3627.55
2025-06-13,4244.98
2025-06-16,3810.06
2025-06-17,4105.72
2025-06-18,4984.97
2025-06-19,4336.45
2025-06-20,5306.61
2025-06-22,2329.32
2025-06-23,5173.06
2025-06-24,4282.46
2025-06-25,4143.82
2025-06-26,6158.24
2025-06-27,4210.07
2025-06-29,1166.60
2025-06-30,4598.83
2025-07-01,4601.60
2025-07-02,4812.73
2025-07-03,5736.43
2025-07-04,4514.88
2025-07-05,1640.01
2025-07-07,4160.34
2025-07-08,4099.86
2025-07-09,4643.49
2025-07-10,5271.31
2025-07-11,6171.33
2025-07-14,4919.17
2025-07-15,6150.46
2025-07-16,6948.09
2025-07-17,7367.57
2025-07-18,4274.23
2025-07-19,1673.55
2025-07-21,6619.76
2025-07-22,7529.89
2025-07-23,5764.28
2025-07-24,5174.30
2025-07-25,6676.46
2025-07-26,1969.17
2025-07-27,1968.16
2025-07-28,6021.69
2025-07-29,6281.79
2025-07-30,5645.88
2025-07-31,5108.13
2025-08-01,4340.88
2025-08-04,4046.64
2025-08-05,7152.73
2025-08-06,5196.25
2025-08-07,6864.39
2025-08-08,6048.61
2025-08-11,4245.70
2025-08-12,4874.99
2025-08-13,4545.34
2025-08-14,6484.85
2025-08-15,4889.98
2025-08-18,5391.92
2025-08-19,5153.02
2025-08-20,6921.01
2025-08-21,5052.73
2025-08-22,6388.06
2025-08-23,1930.08
2025-08-24,895.61
2025-08-25,6280.15
2025-08-26,5576.06
2025-08-27,5869.07
2025-08-28,6749.81
2025-08-29,5436.41
2025-08-31,1284.27
2025-09-01,4706.13
2025-09-02,3992.23
2025-09-03,6095.24
2025-09-04,6414.84
2025-09-05,5194.48
2025-09-07,2966.39
2025-09-08,5762.05
2025-09-09,5413.53
2025-09-10,6348.25
2025-09-11,6570.55
2025-09-12,4932.58
2025-09-15,4979.26
2025-09-16,7230.10
2025-09-17,6048.59
2025-09-18,5488.85
2025-09-19,6163.55
2025-09-22,4893.76
2025-09-23,5625.03
2025-09-24,4971.25
2025-09-25,5356.75
2025-09-26,5894.05
2025-09-27,981.78
2025-09-29,6226.82
2025-09-30,6178.26
2025-10-01,5761.81
2025-10-02,6070.59
2025-10-03,5822.18
2025-10-06,7755.40
2025-10-07,7406.02
2025-10-08,6312.15
2025-10-09,6343.90
2025-10-10,5688.42
2025-10-13,6854.92
2025-10-14,7806.46
2025-10-15,6356.83
2025-10-16,6609.54
2025-10-17,8577.43
2025-10-18,2076.83
2025-10-20,5641.98
2025-10-21,6566.23
2025-10-22,5837.32
2025-10-23,8488.08
2025-10-24,8190.08
2025-10-26,2005.27
2025-10-27,7640.37
2025-10-28,6305.49
2025-10-29,8195.40
2025-10-30,7365.74
2025-10-31,6974.34
2025-11-01,2145.66
2025-11-03,5588.50
2025-11-04,10227.08
2025-11-05,7204.09
2025-11-06,7879.94
2025-11-07,5590.67
2025-11-08,2351.77
2025-11-10,7034.32
2025-11-11,6703.20
2025-11-12,7695.42
2025-11-13,9869.51
2025-11-14,7222.83
2025-11-17,8660.28
2025-11-18,8037.80
2025-11-19,5203.73
2025-11-20,7140.77
2025-11-21,6269.64
2025-11-24,6066.52
2025-11-25,5829.95
2025-11-26,8482.53
2025-11-27,7641.42
2025-11-28,6745.71
2025-11-30,1075.66
2025-12-01,6274.48
2025-12-02,6976.32
2025-12-03,7038.40
2025-12-04,8222.94
2025-12-05,4973.01
2025-12-08,5773.57
2025-12-09,10398.36
2025-12-10,5550.70
2025-12-11,8556.31
2025-12-12,7600.95
2025-12-13,2556.84
2025-12-15,6873.84
2025-12-16,10117.63
2025-12-17,11620.00
2025-12-18,7174.47
2025-12-19,7239.63
2025-12-22,8835.55
2025-12-23,10577.09
2025-12-24,8094.57
2025-12-25,
2025-12-26,
2025-12-28,1517.54
2025-12-29,6726.56
2025-12-30,6979.19
2025-12-31,8897.82
